Nomor_Aju;Tanggal_Aju;Importir;Negara_Asal;Pelabuhan_Muat;Pelabuhan_Bongkar;HS_Code;Uraian_Barang;Nilai_FOB_USD;Freight_USD;Insurance_USD;Nilai_CIF_USD;Tarif_BM;Nilai_BM_IDR;Status_Jalur
127965-535050-20260613;2026-06-13;PT. Karya Logistik;CN;CNCGO;IDTPP;39269099;Barang dari Plastik Lainnya;24.247,21;1.516,97;121,24;25.885,42;5%;Rp 20.967.190;Hijau
155843-515712-20260129;2026-01-29;PT. Bina Abadi;SG;SGSIN;IDTPP;39269099;Barang dari Plastik Lainnya;11.317,24;613,34;56,59;11.987,17;5%;Rp 9.709.608;Hijau
626392-492127-20260107;2026-01-07;PT. Jaya Logistik;KR;KRPUS;IDTPP;85171200;Smartphone / Telepon Seluler;29.063,15;2.907,74;145,32;32.116,21;0%;Rp 0;Kuning
347231-504924-20260709;2026-07-09;PT. Maju Logistik;SG;SGSIN;IDTPP;94036090;Furnitur Kayu Lainnya;83.086,36;8.686,41;415,43;92.188,20;5%;Rp 74.672.442;Hijau
185569-493124-20260312;2026-03-12;PT. Makmur Gemilang;JP;JPTYO;IDTPP;94036090;Furnitur Kayu Lainnya;10.087,13;1.202,79;50,44;11.340,36;5%;Rp 9.185.692;Kuning
335445-129556-20260304;2026-03-04;PT. Makmur Gemilang;KR;KRPUS;IDTPP;39269099;Barang dari Plastik Lainnya;10.087,33;736,47;50,44;10.874,24;5%;Rp 8.808.134;Hijau
434165-203896-20260227;2026-02-27;PT. Makmur Utama;JP;JPTYO;IDTPP;84713020;Laptop / Portable ADP;88.881,15;6.200,48;444,41;95.526,04;0%;Rp 0;Hijau
979940-849421-20260205;2026-02-05;PT. Karya Gemilang;CN;CNCGO;IDTPP;84145949;Kipas Angin Industri;33.554,35;3.426,34;167,77;37.148,46;5%;Rp 30.090.253;Hijau
781533-451577-20260708;2026-07-08;PT. Nusantara Utama;CN;CNCGO;IDTPP;39269099;Barang dari Plastik Lainnya;7.605,53;511,58;38,03;8.155,14;5%;Rp 6.605.663;Hijau
929822-253143-20260127;2026-01-27;PT. Cahaya Logistik;CN;CNCGO;IDTPP;85444290;Kabel Listrik dengan Konektor;25.618,55;2.932,31;128,09;28.678,95;5%;Rp 23.229.950;Hijau
244283-140163-20260623;2026-06-23;PT. Maju Logistik;JP;JPTYO;IDTPP;39269099;Barang dari Plastik Lainnya;7.661,01;832,55;38,31;8.531,87;5%;Rp 6.910.815;Hijau
400814-970068-20260709;2026-07-09;PT. Makmur Abadi;KR;KRPUS;IDTPP;87089990;Suku Cadang Kendaraan Bermotor;7.639,78;567,78;38,20;8.245,76;10%;Rp 13.358.131;Hijau
595404-829884-20260520;2026-05-20;PT. Sentosa Sejahtera;US;USLAX;IDTPP;84145949;Kipas Angin Industri;17.860,64;1.787,31;89,30;19.737,25;5%;Rp 15.987.172;Hijau
971482-245534-20260123;2026-01-23;PT. Bina Mandiri;SG;SGSIN;IDTPP;94036090;Furnitur Kayu Lainnya;1.344,88;134,98;6,72;1.486,58;5%;Rp 1.204.130;Hijau
895702-839808-20260601;2026-06-01;PT. Sukses Sejahtera;JP;JPTYO;IDTPP;87089990;Suku Cadang Kendaraan Bermotor;1.685,97;81,35;8,43;1.775,75;10%;Rp 2.876.715;Hijau
591897-570392-20260419;2026-04-19;PT. Jaya Logistik;SG;SGSIN;IDTPP;39269099;Barang dari Plastik Lainnya;6.803,93;763,43;34,02;7.601,38;5%;Rp 6.157.118;Hijau
745239-105506-20260109;2026-01-09;PT. Makmur Sejahtera;SG;SGSIN;IDTPP;61091010;Pakaian / T-shirt Katun;3.962,39;318,66;19,81;4.300,86;15%;Rp 10.451.090;Hijau
183074-119927-20260108;2026-01-08;PT. Makmur Gemilang;CN;CNCGO;IDTPP;94036090;Furnitur Kayu Lainnya;19.479,09;2.067,05;97,40;21.643,54;5%;Rp 17.531.267;Merah
368355-326130-20260124;2026-01-24;PT. Sukses Utama;CN;CNCGO;IDTPP;39269099;Barang dari Plastik Lainnya;4.493,43;294,79;22,47;4.810,69;5%;Rp 3.896.659;Hijau
975522-256782-20260225;2026-02-25;PT. Sukses Sejahtera;SG;SGSIN;IDTPP;84145949;Kipas Angin Industri;2.453,41;273,90;12,27;2.739,58;5%;Rp 2.219.060;Kuning
675462-862560-20260301;2026-03-01;PT. Cahaya Gemilang;CN;CNCGO;IDTPP;84145949;Kipas Angin Industri;77.557,78;5.517,16;387,79;83.462,73;5%;Rp 67.604.811;Hijau
738457-653408-20260510;2026-05-10;PT. Makmur Sejahtera;CN;CNCGO;IDTPP;87089990;Suku Cadang Kendaraan Bermotor;10.189,05;416,40;50,95;10.656,40;10%;Rp 17.263.368;Hijau
543814-216587-20260604;2026-06-04;PT. Bina Mandiri;JP;JPTYO;IDTPP;84145949;Kipas Angin Industri;14.487,39;1.628,83;72,44;16.188,66;5%;Rp 13.112.815;Hijau
913875-402096-20260107;2026-01-07;PT. Global Mandiri;SG;SGSIN;IDTPP;61091010;Pakaian / T-shirt Katun;2.417,05;114,33;12,09;2.543,47;15%;Rp 6.180.632;Kuning
349183-415779-20260524;2026-05-24;PT. Maju Mandiri;CN;CNCGO;IDTPP;94036090;Furnitur Kayu Lainnya;6.951,69;455,65;34,76;7.442,10;5%;Rp 6.028.101;Hijau
227767-150068-20260220;2026-02-20;PT. Cahaya Logistik;SG;SGSIN;IDTPP;39269099;Barang dari Plastik Lainnya;15.261,78;1.770,44;76,31;17.108,53;5%;Rp 13.857.909;Hijau
350021-540218-20260703;2026-07-03;PT. Bina Sejahtera;CN;CNCGO;IDTPP;84145949;Kipas Angin Industri;3.357,02;389,58;16,79;3.763,39;5%;Rp 3.048.346;Hijau
769989-932463-20260616;2026-06-16;PT. Cahaya Utama;SG;SGSIN;IDTPP;87089990;Suku Cadang Kendaraan Bermotor;20.969,78;1.800,78;104,85;22.875,41;10%;Rp 37.058.164;Hijau
753064-579318-20260629;2026-06-29;PT. Cahaya Gemilang;CN;CNCGO;IDTPP;87089990;Suku Cadang Kendaraan Bermotor;6.497,90;588,37;32,49;7.118,76;10%;Rp 11.532.391;Hijau
165858-216242-20260520;2026-05-20;PT. Bina Sejahtera;CN;CNCGO;IDTPP;90189090;Alat Medis / Instrumen Kedokteran;9.414,13;714,30;47,07;10.175,50;0%;Rp 0;Hijau
977330-624108-20260418;2026-04-18;PT. Jaya Mandiri;SG;SGSIN;IDTPP;94036090;Furnitur Kayu Lainnya;6.489,57;411,81;32,45;6.933,83;5%;Rp 5.616.402;Hijau
725726-662093-20260226;2026-02-26;PT. Makmur Logistik;CN;CNCGO;IDTPP;39269099;Barang dari Plastik Lainnya;123.344,17;8.176,88;616,72;132.137,77;5%;Rp 107.031.594;Kuning
117233-762652-20260425;2026-04-25;PT. Sukses Abadi;SG;SGSIN;IDTPP;84713020;Laptop / Portable ADP;13.145,09;1.233,03;65,73;14.443,85;0%;Rp 0;Kuning
640410-702980-20260531;2026-05-31;PT. Makmur Abadi;CN;CNCGO;IDTPP;39269099;Barang dari Plastik Lainnya;3.754,64;376,18;18,77;4.149,59;5%;Rp 3.361.168;Hijau
353690-853448-20260313;2026-03-13;PT. Maju Mandiri;SG;SGSIN;IDTPP;61091010;Pakaian / T-shirt Katun;35.848,39;3.704,08;179,24;39.731,71;15%;Rp 96.548.055;Merah
250551-405420-20260727;2026-07-27;PT. Sentosa Utama;CN;CNCGO;IDTPP;39269099;Barang dari Plastik Lainnya;3.087,10;318,49;15,44;3.421,03;5%;Rp 2.771.034;Hijau
550089-101640-20260102;2026-01-02;PT. Cahaya Logistik;CN;CNCGO;IDTPP;39269099;Barang dari Plastik Lainnya;17.165,15;811,85;85,83;18.062,83;5%;Rp 14.630.892;Hijau
744674-469954-20260714;2026-07-14;PT. Sukses Mandiri;CN;CNCGO;IDTPP;39269099;Barang dari Plastik Lainnya;1.272,06;101,20;6,36;1.379,62;5%;Rp 1.117.492;Hijau
352249-698384-20260726;2026-07-26;PT. Karya Logistik;CN;CNCGO;IDTPP;87089990;Suku Cadang Kendaraan Bermotor;2.713,99;121,06;13,57;2.848,62;10%;Rp 4.614.764;Hijau
536802-296412-20260210;2026-02-10;PT. Makmur Mandiri;JP;JPTYO;IDTPP;84713020;Laptop / Portable ADP;16.919,69;1.420,62;84,60;18.424,91;0%;Rp 0;Hijau
796643-800674-20260628;2026-06-28;PT. Makmur Gemilang;CN;CNCGO;IDTPP;85444290;Kabel Listrik dengan Konektor;32.407,98;2.441,05;162,04;35.011,07;5%;Rp 28.358.967;Hijau
189772-648913-20260419;2026-04-19;PT. Cahaya Mandiri;JP;JPTYO;IDTPP;90189090;Alat Medis / Instrumen Kedokteran;16.409,93;1.821,77;82,05;18.313,75;0%;Rp 0;Hijau
478120-170966-20260329;2026-03-29;PT. Cahaya Logistik;KR;KRPUS;IDTPP;87089990;Suku Cadang Kendaraan Bermotor;11.628,59;791,60;58,14;12.478,33;10%;Rp 20.214.895;Kuning
651613-670511-20260313;2026-03-13;PT. Global Mandiri;CN;CNCGO;IDTPP;85444290;Kabel Listrik dengan Konektor;9.308,43;459,51;46,54;9.814,48;5%;Rp 7.949.729;Hijau
631971-924613-20260209;2026-02-09;PT. Karya Gemilang;CN;CNCGO;IDTPP;85171200;Smartphone / Telepon Seluler;2.266,00;116,56;11,33;2.393,89;0%;Rp 0;Kuning
632280-681070-20260225;2026-02-25;PT. Jaya Mandiri;CN;CNCGO;IDTPP;85444290;Kabel Listrik dengan Konektor;5.631,81;568,37;28,16;6.228,34;5%;Rp 5.044.955;Hijau
121322-509420-20260715;2026-07-15;PT. Sukses Logistik;SG;SGSIN;IDTPP;85444290;Kabel Listrik dengan Konektor;7.686,60;687,62;38,43;8.412,65;5%;Rp 6.814.247;Kuning
592972-145649-20260328;2026-03-28;PT. Cahaya Utama;US;USLAX;IDTPP;84145949;Kipas Angin Industri;47.502,93;2.284,41;237,51;50.024,85;5%;Rp 40.520.128;Kuning
766549-505674-20260127;2026-01-27;PT. Global Utama;CN;CNCGO;IDTPP;61091010;Pakaian / T-shirt Katun;20.177,87;942,88;100,89;21.221,64;15%;Rp 51.568.585;Merah
491435-365971-20260124;2026-01-24;PT. Global Sejahtera;JP;JPTYO;IDTPP;90189090;Alat Medis / Instrumen Kedokteran;1.610,58;154,74;8,05;1.773,37;0%;Rp 0;Kuning
883618-117031-20260408;2026-04-08;PT. Karya Sejahtera;JP;JPTYO;IDTPP;84145949;Kipas Angin Industri;19.710,38;903,15;98,55;20.712,08;5%;Rp 16.776.785;Hijau
474440-926823-20260125;2026-01-25;PT. Maju Mandiri;JP;JPTYO;IDTPP;94036090;Furnitur Kayu Lainnya;8.416,10;889,99;42,08;9.348,17;5%;Rp 7.572.018;Hijau
170841-461551-20260402;2026-04-02;PT. Global Logistik;JP;JPTYO;IDTPP;39269099;Barang dari Plastik Lainnya;5.929,49;572,19;29,65;6.531,33;5%;Rp 5.290.377;Hijau
352838-868544-20260805;2026-08-05;PT. Global Abadi;KR;KRPUS;IDTPP;85171200;Smartphone / Telepon Seluler;27.833,94;1.294,50;139,17;29.267,61;0%;Rp 0;Merah
789023-758775-20260330;2026-03-30;PT. Bina Mandiri;CN;CNCGO;IDTPP;39269099;Barang dari Plastik Lainnya;46.036,94;2.153,93;230,18;48.421,05;5%;Rp 39.221.050;Kuning
208699-908977-20260604;2026-06-04;PT. Jaya Mandiri;CN;CNCGO;IDTPP;90189090;Alat Medis / Instrumen Kedokteran;40.844,85;4.857,73;204,22;45.906,80;0%;Rp 0;Hijau
710169-870899-20260309;2026-03-09;PT. Cahaya Mandiri;CN;CNCGO;IDTPP;84145949;Kipas Angin Industri;4.880,19;341,33;24,40;5.245,92;5%;Rp 4.249.195;Hijau
893435-448671-20260726;2026-07-26;PT. Maju Utama;CN;CNCGO;IDTPP;84145949;Kipas Angin Industri;9.218,29;642,07;46,09;9.906,45;5%;Rp 8.024.224;Hijau
239890-146489-20260112;2026-01-12;PT. Jaya Logistik;JP;JPTYO;IDTPP;61091010;Pakaian / T-shirt Katun;19.880,93;2.087,97;99,40;22.068,30;15%;Rp 53.625.969;Hijau
469412-672536-20260706;2026-07-06;PT. Global Logistik;SG;SGSIN;IDTPP;39269099;Barang dari Plastik Lainnya;43.073,11;4.987,00;215,37;48.275,48;5%;Rp 39.103.139;Hijau
454992-953025-20260428;2026-04-28;PT. Nusantara Utama;CN;CNCGO;IDTPP;39269099;Barang dari Plastik Lainnya;7.517,52;893,68;37,59;8.448,79;5%;Rp 6.843.520;Hijau
774020-283594-20260518;2026-05-18;PT. Sukses Sejahtera;JP;JPTYO;IDTPP;85444290;Kabel Listrik dengan Konektor;10.691,55;1.072,04;53,46;11.817,05;5%;Rp 9.571.810;Kuning
970720-916990-20260201;2026-02-01;PT. Jaya Gemilang;JP;JPTYO;IDTPP;61091010;Pakaian / T-shirt Katun;3.541,83;248,28;17,71;3.807,82;15%;Rp 9.253.003;Hijau
817941-587192-20260407;2026-04-07;PT. Bina Logistik;CN;CNCGO;IDTPP;90189090;Alat Medis / Instrumen Kedokteran;3.179,73;148,43;15,90;3.344,06;0%;Rp 0;Hijau
829168-601776-20260121;2026-01-21;PT. Sukses Sejahtera;SG;SGSIN;IDTPP;84713020;Laptop / Portable ADP;35.419,97;3.618,92;177,10;39.215,99;0%;Rp 0;Hijau
762423-291132-20260522;2026-05-22;PT. Global Logistik;JP;JPTYO;IDTPP;39269099;Barang dari Plastik Lainnya;68.015,31;5.759,02;340,08;74.114,41;5%;Rp 60.032.672;Hijau
950916-241403-20260317;2026-03-17;PT. Nusantara Gemilang;CN;CNCGO;IDTPP;94036090;Furnitur Kayu Lainnya;12.253,76;906,02;61,27;13.221,05;5%;Rp 10.709.051;Hijau
166165-850827-20260801;2026-08-01;PT. Makmur Gemilang;KR;KRPUS;IDTPP;61091010;Pakaian / T-shirt Katun;44.544,30;5.011,61;222,72;49.778,63;15%;Rp 120.962.071;Hijau
913894-579911-20260610;2026-06-10;PT. Global Logistik;US;USLAX;IDTPP;85444290;Kabel Listrik dengan Konektor;20.618,90;1.008,18;103,09;21.730,17;5%;Rp 17.601.438;Hijau
138780-407696-20260608;2026-06-08;PT. Global Gemilang;CN;CNCGO;IDTPP;90189090;Alat Medis / Instrumen Kedokteran;6.160,15;489,18;30,80;6.680,13;0%;Rp 0;Hijau
311383-145934-20260809;2026-08-09;PT. Cahaya Sejahtera;CN;CNCGO;IDTPP;84145949;Kipas Angin Industri;20.612,95;843,24;103,06;21.559,25;5%;Rp 17.462.993;Hijau
929538-309159-20260403;2026-04-03;PT. Sukses Abadi;CN;CNCGO;IDTPP;84145949;Kipas Angin Industri;84.596,14;6.555,60;422,98;91.574,72;5%;Rp 74.175.523;Hijau
143941-430926-20260528;2026-05-28;PT. Karya Abadi;JP;JPTYO;IDTPP;84145949;Kipas Angin Industri;12.797,55;569,55;63,99;13.431,09;5%;Rp 10.879.183;Hijau
425138-640418-20260219;2026-02-19;PT. Sukses Sejahtera;US;USLAX;IDTPP;61091010;Pakaian / T-shirt Katun;87.340,75;4.323,84;436,70;92.101,29;15%;Rp 223.806.135;Kuning
517568-955015-20260630;2026-06-30;PT. Sentosa Logistik;CN;CNCGO;IDTPP;87089990;Suku Cadang Kendaraan Bermotor;576,11;28,46;2,88;607,45;10%;Rp 984.069;Hijau
669408-596395-20260118;2026-01-18;PT. Nusantara Utama;JP;JPTYO;IDTPP;85444290;Kabel Listrik dengan Konektor;35.820,76;3.293,25;179,10;39.293,11;5%;Rp 31.827.419;Hijau
365618-138399-20260112;2026-01-12;PT. Sukses Logistik;CN;CNCGO;IDTPP;85444290;Kabel Listrik dengan Konektor;14.830,73;1.478,38;74,15;16.383,26;5%;Rp 13.270.441;Hijau
889882-778324-20260619;2026-06-19;PT. Sentosa Abadi;JP;JPTYO;IDTPP;84145949;Kipas Angin Industri;9.331,87;808,79;46,66;10.187,32;5%;Rp 8.251.729;Hijau
300386-400009-20260228;2026-02-28;PT. Karya Mandiri;SG;SGSIN;IDTPP;85171200;Smartphone / Telepon Seluler;14.914,85;1.744,65;74,57;16.734,07;0%;Rp 0;Hijau
474314-918771-20260717;2026-07-17;PT. Maju Utama;CN;CNCGO;IDTPP;85171200;Smartphone / Telepon Seluler;1.230,18;86,10;6,15;1.322,43;0%;Rp 0;Hijau
150126-787584-20260316;2026-03-16;PT. Makmur Mandiri;JP;JPTYO;IDTPP;90189090;Alat Medis / Instrumen Kedokteran;10.263,96;645,16;51,32;10.960,44;0%;Rp 0;Hijau
448048-386488-20260121;2026-01-21;PT. Cahaya Logistik;KR;KRPUS;IDTPP;94036090;Furnitur Kayu Lainnya;20.507,28;2.245,30;102,54;22.855,12;5%;Rp 18.512.647;Hijau
230521-938171-20260807;2026-08-07;PT. Cahaya Logistik;SG;SGSIN;IDTPP;94036090;Furnitur Kayu Lainnya;78.705,86;4.556,10;393,53;83.655,49;5%;Rp 67.760.947;Hijau
485896-558176-20260301;2026-03-01;PT. Maju Utama;CN;CNCGO;IDTPP;85444290;Kabel Listrik dengan Konektor;7.172,97;839,65;35,86;8.048,48;5%;Rp 6.519.269;Hijau
519453-879414-20260126;2026-01-26;PT. Sukses Abadi;US;USLAX;IDTPP;61091010;Pakaian / T-shirt Katun;5.063,47;207,46;25,32;5.296,25;15%;Rp 12.869.888;Hijau
561097-505426-20260408;2026-04-08;PT. Sukses Mandiri;JP;JPTYO;IDTPP;85171200;Smartphone / Telepon Seluler;7.316,53;860,35;36,58;8.213,46;0%;Rp 0;Kuning
455505-295892-20260313;2026-03-13;PT. Cahaya Gemilang;CN;CNCGO;IDTPP;90189090;Alat Medis / Instrumen Kedokteran;40.073,98;1.741,33;200,37;42.015,68;0%;Rp 0;Hijau
620306-825686-20260427;2026-04-27;PT. Bina Utama;SG;SGSIN;IDTPP;84145949;Kipas Angin Industri;19.821,08;2.205,92;99,11;22.126,11;5%;Rp 17.922.149;Hijau
621691-485191-20260612;2026-06-12;PT. Bina Utama;CN;CNCGO;IDTPP;61091010;Pakaian / T-shirt Katun;7.074,75;581,66;35,37;7.691,78;15%;Rp 18.691.025;Hijau
936020-644500-20260802;2026-08-02;PT. Sentosa Utama;SG;SGSIN;IDTPP;85444290;Kabel Listrik dengan Konektor;24.733,67;2.954,12;123,67;27.811,46;5%;Rp 22.527.283;Hijau
379676-940064-20260404;2026-04-04;PT. Jaya Mandiri;CN;CNCGO;IDTPP;94036090;Furnitur Kayu Lainnya;15.010,32;689,03;75,05;15.774,40;5%;Rp 12.777.264;Hijau
186624-862400-20260211;2026-02-11;PT. Bina Sejahtera;KR;KRPUS;IDTPP;85171200;Smartphone / Telepon Seluler;42.717,93;3.601,48;213,59;46.533,00;0%;Rp 0;Hijau
545120-182760-20260405;2026-04-05;PT. Karya Abadi;KR;KRPUS;IDTPP;84145949;Kipas Angin Industri;5.753,34;676,27;28,77;6.458,38;5%;Rp 5.231.288;Hijau
551524-731718-20260401;2026-04-01;PT. Nusantara Abadi;CN;CNCGO;IDTPP;87089990;Suku Cadang Kendaraan Bermotor;9.016,45;737,98;45,08;9.799,51;10%;Rp 15.875.206;Hijau
962287-289222-20260223;2026-02-23;PT. Cahaya Logistik;US;USLAX;IDTPP;61091010;Pakaian / T-shirt Katun;8.345,44;754,03;41,73;9.141,20;15%;Rp 22.213.116;Hijau
671971-408036-20260621;2026-06-21;PT. Nusantara Mandiri;SG;SGSIN;IDTPP;84713020;Laptop / Portable ADP;2.307,18;220,70;11,54;2.539,42;0%;Rp 0;Hijau
436814-207581-20260310;2026-03-10;PT. Maju Abadi;KR;KRPUS;IDTPP;39269099;Barang dari Plastik Lainnya;19.059,95;1.455,48;95,30;20.610,73;5%;Rp 16.694.691;Hijau
183958-443848-20260629;2026-06-29;PT. Bina Gemilang;JP;JPTYO;IDTPP;90189090;Alat Medis / Instrumen Kedokteran;18.274,58;1.648,45;91,37;20.014,40;0%;Rp 0;Hijau
793024-410000-20260624;2026-06-24;PT. Sukses Logistik;SG;SGSIN;IDTPP;84145949;Kipas Angin Industri;13.441,96;1.166,02;67,21;14.675,19;5%;Rp 11.886.904;Hijau
421384-567576-20260615;2026-06-15;PT. Nusantara Mandiri;JP;JPTYO;IDTPP;84713020;Laptop / Portable ADP;10.081,88;1.130,10;50,41;11.262,39;0%;Rp 0;Hijau
731894-852524-20260119;2026-01-19;PT. Cahaya Sejahtera;US;USLAX;IDTPP;85171200;Smartphone / Telepon Seluler;2.444,40;106,66;12,22;2.563,28;0%;Rp 0;Hijau
546815-274739-20260605;2026-06-05;PT. Jaya Sejahtera;CN;CNCGO;IDTPP;84145949;Kipas Angin Industri;8.064,49;503,85;40,32;8.608,66;5%;Rp 6.973.015;Hijau
823270-565471-20260612;2026-06-12;PT. Jaya Abadi;KR;KRPUS;IDTPP;90189090;Alat Medis / Instrumen Kedokteran;8.855,04;1.027,48;44,28;9.926,80;0%;Rp 0;Hijau
468623-568849-20260213;2026-02-13;PT. Jaya Abadi;SG;SGSIN;IDTPP;87089990;Suku Cadang Kendaraan Bermotor;5.101,38;567,38;25,51;5.694,27;10%;Rp 9.224.717;Hijau
144412-862120-20260517;2026-05-17;PT. Global Mandiri;SG;SGSIN;IDTPP;94036090;Furnitur Kayu Lainnya;11.008,88;841,66;55,04;11.905,58;5%;Rp 9.643.520;Hijau
469685-744718-20260706;2026-07-06;PT. Sukses Utama;SG;SGSIN;IDTPP;84713020;Laptop / Portable ADP;21.695,52;1.944,15;108,48;23.748,15;0%;Rp 0;Hijau
556068-387892-20260304;2026-03-04;PT. Nusantara Abadi;JP;JPTYO;IDTPP;39269099;Barang dari Plastik Lainnya;128.466,45;7.989,39;642,33;137.098,17;5%;Rp 111.049.518;Hijau
770532-929924-20260211;2026-02-11;PT. Karya Gemilang;CN;CNCGO;IDTPP;87089990;Suku Cadang Kendaraan Bermotor;16.473,25;906,85;82,37;17.462,47;10%;Rp 28.289.201;Kuning
160144-178686-20260429;2026-04-29;PT. Sukses Abadi;KR;KRPUS;IDTPP;87089990;Suku Cadang Kendaraan Bermotor;18.197,88;1.402,98;90,99;19.691,85;10%;Rp 31.900.797;Kuning
803787-768480-20260408;2026-04-08;PT. Nusantara Sejahtera;KR;KRPUS;IDTPP;85171200;Smartphone / Telepon Seluler;12.217,99;834,10;61,09;13.113,18;0%;Rp 0;Hijau
525942-480959-20260311;2026-03-11;PT. Sukses Mandiri;CN;CNCGO;IDTPP;84145949;Kipas Angin Industri;1.336,05;115,83;6,68;1.458,56;5%;Rp 1.181.434;Kuning
638009-940010-20260613;2026-06-13;PT. Makmur Logistik;KR;KRPUS;IDTPP;94036090;Furnitur Kayu Lainnya;12.941,36;598,13;64,71;13.604,20;5%;Rp 11.019.402;Hijau
886325-812413-20260626;2026-06-26;PT. Cahaya Abadi;CN;CNCGO;IDTPP;85444290;Kabel Listrik dengan Konektor;14.361,07;1.693,91;71,81;16.126,79;5%;Rp 13.062.700;Hijau
267758-132653-20260523;2026-05-23;PT. Bina Sejahtera;SG;SGSIN;IDTPP;84713020;Laptop / Portable ADP;256.758,32;30.527,76;1.283,79;288.569,87;0%;Rp 0;Merah
249715-989894-20260226;2026-02-26;PT. Maju Logistik;SG;SGSIN;IDTPP;61091010;Pakaian / T-shirt Katun;10.605,91;1.016,61;53,03;11.675,55;15%;Rp 28.371.587;Kuning
737086-811027-20260625;2026-06-25;PT. Makmur Gemilang;CN;CNCGO;IDTPP;61091010;Pakaian / T-shirt Katun;19.184,48;1.590,16;95,92;20.870,56;15%;Rp 50.715.461;Hijau
919264-559457-20260325;2026-03-25;PT. Sukses Utama;CN;CNCGO;IDTPP;90189090;Alat Medis / Instrumen Kedokteran;12.814,67;829,91;64,07;13.708,65;0%;Rp 0;Hijau
136489-232361-20260804;2026-08-04;PT. Maju Abadi;KR;KRPUS;IDTPP;90189090;Alat Medis / Instrumen Kedokteran;3.286,53;345,43;16,43;3.648,39;0%;Rp 0;Hijau
170499-347459-20260716;2026-07-16;PT. Karya Utama;CN;CNCGO;IDTPP;61091010;Pakaian / T-shirt Katun;52.648,20;4.989,92;263,24;57.901,36;15%;Rp 140.700.305;Hijau
916332-776502-20260718;2026-07-18;PT. Nusantara Sejahtera;CN;CNCGO;IDTPP;87089990;Suku Cadang Kendaraan Bermotor;32.935,94;1.745,91;164,68;34.846,53;10%;Rp 56.451.379;Hijau
484123-479742-20260115;2026-01-15;PT. Sukses Mandiri;JP;JPTYO;IDTPP;84145949;Kipas Angin Industri;34.518,07;3.896,20;172,59;38.586,86;5%;Rp 31.255.357;Hijau
501451-694799-20260228;2026-02-28;PT. Karya Sejahtera;CN;CNCGO;IDTPP;84713020;Laptop / Portable ADP;4.486,08;474,64;22,43;4.983,15;0%;Rp 0;Hijau
133958-734487-20260730;2026-07-30;PT. Global Mandiri;KR;KRPUS;IDTPP;61091010;Pakaian / T-shirt Katun;71.923,13;8.341,93;359,62;80.624,68;15%;Rp 195.917.972;Kuning
260891-812048-20260109;2026-01-09;PT. Makmur Gemilang;JP;JPTYO;IDTPP;39269099;Barang dari Plastik Lainnya;2.484,38;243,61;12,42;2.740,41;5%;Rp 2.219.732;Hijau
571778-488984-20260726;2026-07-26;PT. Maju Abadi;CN;CNCGO;IDTPP;87089990;Suku Cadang Kendaraan Bermotor;27.017,19;2.406,51;135,09;29.558,79;10%;Rp 47.885.240;Kuning
490084-565504-20260322;2026-03-22;PT. Maju Utama;CN;CNCGO;IDTPP;90189090;Alat Medis / Instrumen Kedokteran;185.080,61;13.595,92;925,40;199.601,93;0%;Rp 0;Merah
900152-180620-20260413;2026-04-13;PT. Bina Utama;KR;KRPUS;IDTPP;90189090;Alat Medis / Instrumen Kedokteran;4.069,83;466,48;20,35;4.556,66;0%;Rp 0;Hijau
701800-244383-20260310;2026-03-10;PT. Cahaya Abadi;CN;CNCGO;IDTPP;94036090;Furnitur Kayu Lainnya;6.771,26;740,00;33,86;7.545,12;5%;Rp 6.111.547;Kuning
655178-484774-20260117;2026-01-17;PT. Global Sejahtera;JP;JPTYO;IDTPP;87089990;Suku Cadang Kendaraan Bermotor;15.056,75;656,74;75,28;15.788,77;10%;Rp 25.577.807;Hijau
517368-429657-20260224;2026-02-24;PT. Bina Sejahtera;SG;SGSIN;IDTPP;94036090;Furnitur Kayu Lainnya;7.301,46;307,46;36,51;7.645,43;5%;Rp 6.192.798;Hijau
781113-392227-20260526;2026-05-26;PT. Global Utama;JP;JPTYO;IDTPP;90189090;Alat Medis / Instrumen Kedokteran;2.078,09;145,71;10,39;2.234,19;0%;Rp 0;Hijau
361736-218959-20260703;2026-07-03;PT. Jaya Sejahtera;JP;JPTYO;IDTPP;87089990;Suku Cadang Kendaraan Bermotor;14.505,39;1.520,81;72,53;16.098,73;10%;Rp 26.079.943;Hijau
127172-871411-20260322;2026-03-22;PT. Jaya Gemilang;SG;SGSIN;IDTPP;90189090;Alat Medis / Instrumen Kedokteran;3.734,00;444,28;18,67;4.196,95;0%;Rp 0;Hijau
295085-623285-20260224;2026-02-24;PT. Sentosa Abadi;SG;SGSIN;IDTPP;85444290;Kabel Listrik dengan Konektor;23.583,70;1.227,14;117,92;24.928,76;5%;Rp 20.192.296;Hijau
642895-505785-20260617;2026-06-17;PT. Bina Logistik;JP;JPTYO;IDTPP;85444290;Kabel Listrik dengan Konektor;4.432,38;387,97;22,16;4.842,51;5%;Rp 3.922.433;Hijau
688956-223481-20260508;2026-05-08;PT. Karya Logistik;CN;CNCGO;IDTPP;85171200;Smartphone / Telepon Seluler;85.812,61;6.047,32;429,06;92.288,99;0%;Rp 0;Hijau
374492-912609-20260412;2026-04-12;PT. Bina Mandiri;CN;CNCGO;IDTPP;90189090;Alat Medis / Instrumen Kedokteran;5.219,18;613,74;26,10;5.859,02;0%;Rp 0;Hijau
372933-838237-20260614;2026-06-14;PT. Bina Logistik;JP;JPTYO;IDTPP;39269099;Barang dari Plastik Lainnya;9.077,25;974,62;45,39;10.097,26;5%;Rp 8.178.781;Hijau
567951-324993-20260428;2026-04-28;PT. Sukses Abadi;CN;CNCGO;IDTPP;94036090;Furnitur Kayu Lainnya;35.462,13;3.796,80;177,31;39.436,24;5%;Rp 31.943.354;Hijau
741599-399449-20260206;2026-02-06;PT. Sukses Sejahtera;SG;SGSIN;IDTPP;87089990;Suku Cadang Kendaraan Bermotor;3.050,20;236,38;15,25;3.301,83;10%;Rp 5.348.965;Merah
827691-615060-20260309;2026-03-09;PT. Jaya Abadi;SG;SGSIN;IDTPP;84145949;Kipas Angin Industri;17.552,50;1.284,59;87,76;18.924,85;5%;Rp 15.329.128;Hijau
309902-228594-20260205;2026-02-05;PT. Karya Utama;SG;SGSIN;IDTPP;90189090;Alat Medis / Instrumen Kedokteran;64.123,83;3.967,51;320,62;68.411,96;0%;Rp 0;Hijau
242321-994253-20260305;2026-03-05;PT. Bina Logistik;SG;SGSIN;IDTPP;61091010;Pakaian / T-shirt Katun;1.941,12;86,40;9,71;2.037,23;15%;Rp 4.950.469;Kuning
177649-574001-20260710;2026-07-10;PT. Makmur Abadi;JP;JPTYO;IDTPP;90189090;Alat Medis / Instrumen Kedokteran;16.673,25;1.820,35;83,37;18.576,97;0%;Rp 0;Kuning
281043-848022-20260524;2026-05-24;PT. Nusantara Gemilang;CN;CNCGO;IDTPP;90189090;Alat Medis / Instrumen Kedokteran;18.248,89;1.916,72;91,24;20.256,85;0%;Rp 0;Hijau
566732-192055-20260518;2026-05-18;PT. Jaya Mandiri;JP;JPTYO;IDTPP;85444290;Kabel Listrik dengan Konektor;34.138,72;4.095,88;170,69;38.405,29;5%;Rp 31.108.285;Hijau
949884-815054-20260309;2026-03-09;PT. Cahaya Gemilang;CN;CNCGO;IDTPP;85444290;Kabel Listrik dengan Konektor;3.028,00;362,55;15,14;3.405,69;5%;Rp 2.758.609;Hijau
986593-435112-20260711;2026-07-11;PT. Bina Mandiri;CN;CNCGO;IDTPP;90189090;Alat Medis / Instrumen Kedokteran;2.739,28;231,29;13,70;2.984,27;0%;Rp 0;Hijau
800280-464301-20260530;2026-05-30;PT. Cahaya Utama;CN;CNCGO;IDTPP;84145949;Kipas Angin Industri;24.992,47;2.537,21;124,96;27.654,64;5%;Rp 22.400.258;Kuning
844007-168093-20260420;2026-04-20;PT. Bina Abadi;CN;CNCGO;IDTPP;90189090;Alat Medis / Instrumen Kedokteran;19.079,73;2.205,26;95,40;21.380,39;0%;Rp 0;Hijau
676713-668507-20260530;2026-05-30;PT. Bina Utama;CN;CNCGO;IDTPP;94036090;Furnitur Kayu Lainnya;18.044,41;1.948,29;90,22;20.082,92;5%;Rp 16.267.165;Hijau
404466-414527-20260413;2026-04-13;PT. Maju Gemilang;SG;SGSIN;IDTPP;90189090;Alat Medis / Instrumen Kedokteran;20.246,51;1.210,50;101,23;21.558,24;0%;Rp 0;Kuning
992717-265156-20260403;2026-04-03;PT. Karya Sejahtera;JP;JPTYO;IDTPP;87089990;Suku Cadang Kendaraan Bermotor;5.907,45;449,22;29,54;6.386,21;10%;Rp 10.345.660;Hijau
846385-844031-20260226;2026-02-26;PT. Sentosa Gemilang;CN;CNCGO;IDTPP;61091010;Pakaian / T-shirt Katun;17.653,77;888,56;88,27;18.630,60;15%;Rp 45.272.358;Kuning
834233-768676-20260205;2026-02-05;PT. Cahaya Gemilang;CN;CNCGO;IDTPP;90189090;Alat Medis / Instrumen Kedokteran;18.990,36;2.209,04;94,95;21.294,35;0%;Rp 0;Kuning
282547-932250-20260511;2026-05-11;PT. Bina Abadi;SG;SGSIN;IDTPP;85444290;Kabel Listrik dengan Konektor;5.669,06;501,68;28,35;6.199,09;5%;Rp 5.021.263;Hijau
479052-633469-20260507;2026-05-07;PT. Bina Mandiri;JP;JPTYO;IDTPP;85171200;Smartphone / Telepon Seluler;125.358,06;7.307,30;626,79;133.292,15;0%;Rp 0;Merah
335134-227257-20260124;2026-01-24;PT. Bina Abadi;US;USLAX;IDTPP;87089990;Suku Cadang Kendaraan Bermotor;23.590,50;2.211,28;117,95;25.919,73;10%;Rp 41.989.963;Hijau
310743-930541-20260713;2026-07-13;PT. Sukses Utama;SG;SGSIN;IDTPP;85444290;Kabel Listrik dengan Konektor;3.198,50;286,11;15,99;3.500,60;5%;Rp 2.835.486;Hijau
245622-348235-20260113;2026-01-13;PT. Karya Logistik;CN;CNCGO;IDTPP;84713020;Laptop / Portable ADP;29.373,97;2.016,61;146,87;31.537,45;0%;Rp 0;Hijau
928766-618019-20260809;2026-08-09;PT. Jaya Abadi;CN;CNCGO;IDTPP;84713020;Laptop / Portable ADP;4.148,00;203,60;20,74;4.372,34;0%;Rp 0;Kuning
127560-478427-20260129;2026-01-29;PT. Bina Utama;CN;CNCGO;IDTPP;39269099;Barang dari Plastik Lainnya;34.354,95;3.219,95;171,77;37.746,67;5%;Rp 30.574.803;Hijau
680933-700076-20260209;2026-02-09;PT. Bina Mandiri;CN;CNCGO;IDTPP;94036090;Furnitur Kayu Lainnya;53.654,18;4.379,50;268,27;58.301,95;5%;Rp 47.224.580;Hijau
486831-590110-20260610;2026-06-10;PT. Sukses Gemilang;CN;CNCGO;IDTPP;39269099;Barang dari Plastik Lainnya;4.989,95;507,90;24,95;5.522,80;5%;Rp 4.473.468;Hijau
942700-678443-20260210;2026-02-10;PT. Bina Abadi;CN;CNCGO;IDTPP;94036090;Furnitur Kayu Lainnya;42.448,69;3.464,37;212,24;46.125,30;5%;Rp 37.361.493;Hijau
236074-741674-20260722;2026-07-22;PT. Makmur Mandiri;SG;SGSIN;IDTPP;84145949;Kipas Angin Industri;21.924,00;2.371,62;109,62;24.405,24;5%;Rp 19.768.244;Hijau
190403-168941-20260624;2026-06-24;PT. Sentosa Abadi;CN;CNCGO;IDTPP;87089990;Suku Cadang Kendaraan Bermotor;35.827,54;3.014,98;179,14;39.021,66;10%;Rp 63.215.089;Hijau
424314-517500-20260419;2026-04-19;PT. Karya Logistik;US;USLAX;IDTPP;84145949;Kipas Angin Industri;130.112,09;11.043,27;650,56;141.805,92;5%;Rp 114.862.795;Hijau
851759-853789-20260602;2026-06-02;PT. Sukses Gemilang;SG;SGSIN;IDTPP;39269099;Barang dari Plastik Lainnya;9.952,05;1.096,04;49,76;11.097,85;5%;Rp 8.989.258;Hijau
601916-651231-20260117;2026-01-17;PT. Maju Gemilang;JP;JPTYO;IDTPP;84145949;Kipas Angin Industri;5.407,36;390,84;27,04;5.825,24;5%;Rp 4.718.444;Hijau
530749-906527-20260409;2026-04-09;PT. Jaya Logistik;CN;CNCGO;IDTPP;85444290;Kabel Listrik dengan Konektor;4.594,35;233,03;22,97;4.850,35;5%;Rp 3.928.784;Hijau
529322-963333-20260408;2026-04-08;PT. Sentosa Gemilang;KR;KRPUS;IDTPP;61091010;Pakaian / T-shirt Katun;5.019,21;212,33;25,10;5.256,64;15%;Rp 12.773.635;Hijau
702826-177333-20260602;2026-06-02;PT. Bina Mandiri;SG;SGSIN;IDTPP;84713020;Laptop / Portable ADP;12.179,12;1.222,92;60,90;13.462,94;0%;Rp 0;Kuning
231414-432427-20260430;2026-04-30;PT. Cahaya Utama;KR;KRPUS;IDTPP;94036090;Furnitur Kayu Lainnya;20.118,24;1.803,09;100,59;22.021,92;5%;Rp 17.837.755;Hijau
773540-177767-20260516;2026-05-16;PT. Sukses Utama;SG;SGSIN;IDTPP;84713020;Laptop / Portable ADP;18.620,70;1.793,66;93,10;20.507,46;0%;Rp 0;Kuning
571832-588461-20260306;2026-03-06;PT. Nusantara Sejahtera;SG;SGSIN;IDTPP;94036090;Furnitur Kayu Lainnya;36.048,48;2.056,10;180,24;38.284,82;5%;Rp 31.010.704;Kuning
813145-642491-20260522;2026-05-22;PT. Sentosa Logistik;SG;SGSIN;IDTPP;84145949;Kipas Angin Industri;13.569,80;690,83;67,85;14.328,48;5%;Rp 11.606.069;Hijau
461249-234568-20260809;2026-08-09;PT. Cahaya Utama;CN;CNCGO;IDTPP;85444290;Kabel Listrik dengan Konektor;76.438,43;3.146,48;382,19;79.967,10;5%;Rp 64.773.351;Hijau
969325-918164-20260103;2026-01-03;PT. Global Sejahtera;CN;CNCGO;IDTPP;94036090;Furnitur Kayu Lainnya;9.724,58;661,73;48,62;10.434,93;5%;Rp 8.452.293;Hijau
678083-770872-20260624;2026-06-24;PT. Cahaya Sejahtera;KR;KRPUS;IDTPP;94036090;Furnitur Kayu Lainnya;349.480,48;30.472,40;1.747,40;381.700,28;5%;Rp 309.177.227;Hijau
716338-290802-20260704;2026-07-04;PT. Jaya Abadi;SG;SGSIN;IDTPP;84145949;Kipas Angin Industri;28.305,20;2.020,41;141,53;30.467,14;5%;Rp 24.678.383;Kuning
905077-235300-20260130;2026-01-30;PT. Cahaya Utama;KR;KRPUS;IDTPP;61091010;Pakaian / T-shirt Katun;4.776,25;358,21;23,88;5.158,34;15%;Rp 12.534.766;Kuning
553633-627290-20260624;2026-06-24;PT. Jaya Utama;SG;SGSIN;IDTPP;84145949;Kipas Angin Industri;3.695,71;415,15;18,48;4.129,34;5%;Rp 3.344.765;Hijau
158104-971776-20260518;2026-05-18;PT. Cahaya Mandiri;CN;CNCGO;IDTPP;85171200;Smartphone / Telepon Seluler;23.836,35;1.617,55;119,18;25.573,08;0%;Rp 0;Kuning
230192-643269-20260712;2026-07-12;PT. Sukses Mandiri;SG;SGSIN;IDTPP;39269099;Barang dari Plastik Lainnya;10.217,37;828,82;51,09;11.097,28;5%;Rp 8.988.797;Hijau
260448-418897-20260310;2026-03-10;PT. Jaya Abadi;CN;CNCGO;IDTPP;39269099;Barang dari Plastik Lainnya;31.470,33;3.231,76;157,35;34.859,44;5%;Rp 28.236.146;Hijau
272655-269834-20260716;2026-07-16;PT. Makmur Sejahtera;CN;CNCGO;IDTPP;85444290;Kabel Listrik dengan Konektor;23.573,66;1.690,78;117,87;25.382,31;5%;Rp 20.559.671;Hijau
438334-843788-20260614;2026-06-14;PT. Karya Gemilang;SG;SGSIN;IDTPP;85444290;Kabel Listrik dengan Konektor;12.241,72;1.098,90;61,21;13.401,83;5%;Rp 10.855.482;Hijau
336422-462831-20260329;2026-03-29;PT. Sentosa Abadi;CN;CNCGO;IDTPP;90189090;Alat Medis / Instrumen Kedokteran;4.836,02;527,07;24,18;5.387,27;0%;Rp 0;Hijau
644103-397846-20260129;2026-01-29;PT. Nusantara Abadi;US;USLAX;IDTPP;84145949;Kipas Angin Industri;2.169,35;251,56;10,85;2.431,76;5%;Rp 1.969.726;Hijau
987025-182690-20260317;2026-03-17;PT. Global Abadi;CN;CNCGO;IDTPP;94036090;Furnitur Kayu Lainnya;7.817,98;404,70;39,09;8.261,77;5%;Rp 6.692.034;Kuning
362778-305837-20260422;2026-04-22;PT. Sentosa Logistik;JP;JPTYO;IDTPP;85171200;Smartphone / Telepon Seluler;37.334,70;4.260,90;186,67;41.782,27;0%;Rp 0;Hijau
765905-677599-20260210;2026-02-10;PT. Global Utama;SG;SGSIN;IDTPP;87089990;Suku Cadang Kendaraan Bermotor;17.273,22;1.370,96;86,37;18.730,55;10%;Rp 30.343.491;Hijau
387782-231250-20260427;2026-04-27;PT. Sukses Mandiri;JP;JPTYO;IDTPP;85171200;Smartphone / Telepon Seluler;2.996,24;181,75;14,98;3.192,97;0%;Rp 0;Hijau
755383-417534-20260101;2026-01-01;PT. Karya Abadi;CN;CNCGO;IDTPP;84145949;Kipas Angin Industri;16.445,66;1.261,89;82,23;17.789,78;5%;Rp 14.409.722;Hijau
744274-659392-20260704;2026-07-04;PT. Maju Abadi;SG;SGSIN;IDTPP;90189090;Alat Medis / Instrumen Kedokteran;21.213,24;2.511,70;106,07;23.831,01;0%;Rp 0;Hijau
197966-626986-20260704;2026-07-04;PT. Cahaya Gemilang;SG;SGSIN;IDTPP;94036090;Furnitur Kayu Lainnya;4.625,64;367,32;23,13;5.016,09;5%;Rp 4.063.033;Hijau
772124-276827-20260309;2026-03-09;PT. Global Sejahtera;SG;SGSIN;IDTPP;84713020;Laptop / Portable ADP;16.066,15;1.065,19;80,33;17.211,67;0%;Rp 0;Hijau
720556-708851-20260509;2026-05-09;PT. Karya Gemilang;KR;KRPUS;IDTPP;85171200;Smartphone / Telepon Seluler;14.326,27;1.298,99;71,63;15.696,89;0%;Rp 0;Hijau
261684-279516-20260715;2026-07-15;PT. Karya Sejahtera;US;USLAX;IDTPP;84145949;Kipas Angin Industri;3.389,49;200,70;16,95;3.607,14;5%;Rp 2.921.783;Hijau
790731-754813-20260215;2026-02-15;PT. Nusantara Utama;CN;CNCGO;IDTPP;94036090;Furnitur Kayu Lainnya;20.523,89;945,52;102,62;21.572,03;5%;Rp 17.473.344;Hijau
855638-734534-20260510;2026-05-10;PT. Sentosa Mandiri;SG;SGSIN;IDTPP;87089990;Suku Cadang Kendaraan Bermotor;26.184,98;1.317,38;130,92;27.633,28;10%;Rp 44.765.914;Hijau
454019-983456-20260128;2026-01-28;PT. Maju Utama;SG;SGSIN;IDTPP;61091010;Pakaian / T-shirt Katun;49.004,21;2.462,15;245,02;51.711,38;15%;Rp 125.658.653;Hijau
690996-143195-20260610;2026-06-10;PT. Nusantara Mandiri;JP;JPTYO;IDTPP;84713020;Laptop / Portable ADP;47.314,04;2.467,53;236,57;50.018,14;0%;Rp 0;Hijau
965322-129751-20260318;2026-03-18;PT. Sentosa Gemilang;KR;KRPUS;IDTPP;94036090;Furnitur Kayu Lainnya;2.557,53;130,71;12,79;2.701,03;5%;Rp 2.187.834;Hijau
185168-147670-20260804;2026-08-04;PT. Sentosa Abadi;CN;CNCGO;IDTPP;87089990;Suku Cadang Kendaraan Bermotor;4.335,58;395,71;21,68;4.752,97;10%;Rp 7.699.811;Kuning
772612-908475-20260613;2026-06-13;PT. Bina Sejahtera;CN;CNCGO;IDTPP;39269099;Barang dari Plastik Lainnya;24.786,20;1.352,10;123,93;26.262,23;5%;Rp 21.272.406;Hijau
704788-377511-20260510;2026-05-10;PT. Karya Gemilang;JP;JPTYO;IDTPP;85171200;Smartphone / Telepon Seluler;24.749,07;1.674,36;123,75;26.547,18;0%;Rp 0;Hijau
782759-321048-20260605;2026-06-05;PT. Sentosa Abadi;CN;CNCGO;IDTPP;84145949;Kipas Angin Industri;24.786,57;2.769,73;123,93;27.680,23;5%;Rp 22.420.986;Hijau
904214-699929-20260220;2026-02-20;PT. Sentosa Abadi;CN;CNCGO;IDTPP;84713020;Laptop / Portable ADP;1.360.384,30;105.996,97;6.801,92;1.473.183,19;0%;Rp 0;Hijau
536822-748133-20260209;2026-02-09;PT. Makmur Abadi;CN;CNCGO;IDTPP;39269099;Barang dari Plastik Lainnya;26.504,47;2.475,64;132,52;29.112,63;5%;Rp 23.581.230;Hijau
770030-131757-20260406;2026-04-06;PT. Makmur Abadi;CN;CNCGO;IDTPP;85444290;Kabel Listrik dengan Konektor;52.191,70;2.807,16;260,96;55.259,82;5%;Rp 44.760.454;Hijau
622230-757629-20260715;2026-07-15;PT. Sukses Logistik;SG;SGSIN;IDTPP;85444290;Kabel Listrik dengan Konektor;41.973,85;2.324,64;209,87;44.508,36;5%;Rp 36.051.772;Hijau
672079-403742-20260211;2026-02-11;PT. Jaya Gemilang;SG;SGSIN;IDTPP;94036090;Furnitur Kayu Lainnya;29.192,57;1.263,15;145,96;30.601,68;5%;Rp 24.787.361;Merah
773088-416768-20260519;2026-05-19;PT. Makmur Gemilang;CN;CNCGO;IDTPP;61091010;Pakaian / T-shirt Katun;9.151,54;489,74;45,76;9.687,04;15%;Rp 23.539.507;Kuning
606404-356773-20260719;2026-07-19;PT. Cahaya Sejahtera;CN;CNCGO;IDTPP;85444290;Kabel Listrik dengan Konektor;33.215,21;2.068,88;166,08;35.450,17;5%;Rp 28.714.638;Hijau
943776-946567-20260516;2026-05-16;PT. Nusantara Utama;JP;JPTYO;IDTPP;84713020;Laptop / Portable ADP;5.284,90;286,23;26,42;5.597,55;0%;Rp 0;Hijau
818264-525818-20260101;2026-01-01;PT. Cahaya Abadi;JP;JPTYO;IDTPP;61091010;Pakaian / T-shirt Katun;10.054,92;473,55;50,27;10.578,74;15%;Rp 25.706.338;Hijau
411882-575575-20260603;2026-06-03;PT. Nusantara Abadi;SG;SGSIN;IDTPP;85171200;Smartphone / Telepon Seluler;7.461,89;370,49;37,31;7.869,69;0%;Rp 0;Hijau
176517-822063-20260324;2026-03-24;PT. Sentosa Abadi;JP;JPTYO;IDTPP;39269099;Barang dari Plastik Lainnya;14.738,95;1.132,87;73,69;15.945,51;5%;Rp 12.915.863;Merah
162823-265759-20260506;2026-05-06;PT. Global Sejahtera;KR;KRPUS;IDTPP;61091010;Pakaian / T-shirt Katun;214.827,42;12.139,19;1.074,14;228.040,75;15%;Rp 554.139.022;Hijau
560959-535810-20260105;2026-01-05;PT. Maju Abadi;JP;JPTYO;IDTPP;94036090;Furnitur Kayu Lainnya;1.421,24;98,27;7,11;1.526,62;5%;Rp 1.236.562;Hijau
607774-587002-20260129;2026-01-29;PT. Sukses Logistik;SG;SGSIN;IDTPP;85171200;Smartphone / Telepon Seluler;30.439,98;2.443,52;152,20;33.035,70;0%;Rp 0;Hijau
313933-456717-20260403;2026-04-03;PT. Makmur Gemilang;JP;JPTYO;IDTPP;61091010;Pakaian / T-shirt Katun;1.928,97;183,70;9,64;2.122,31;15%;Rp 5.157.213;Merah
736129-250647-20260801;2026-08-01;PT. Global Utama;KR;KRPUS;IDTPP;61091010;Pakaian / T-shirt Katun;7.583,13;327,17;37,92;7.948,22;15%;Rp 19.314.175;Hijau
427766-853258-20260726;2026-07-26;PT. Nusantara Mandiri;SG;SGSIN;IDTPP;94036090;Furnitur Kayu Lainnya;49.352,35;5.130,32;246,76;54.729,43;5%;Rp 44.330.838;Hijau
434827-869864-20260320;2026-03-20;PT. Makmur Mandiri;SG;SGSIN;IDTPP;84145949;Kipas Angin Industri;14.431,03;1.302,14;72,16;15.805,33;5%;Rp 12.802.317;Kuning
462147-518084-20260303;2026-03-03;PT. Makmur Sejahtera;SG;SGSIN;IDTPP;85171200;Smartphone / Telepon Seluler;3.665,45;170,59;18,33;3.854,37;0%;Rp 0;Kuning
237118-897615-20260115;2026-01-15;PT. Sukses Abadi;KR;KRPUS;IDTPP;85444290;Kabel Listrik dengan Konektor;5.662,58;622,24;28,31;6.313,13;5%;Rp 5.113.635;Hijau
488539-639995-20260303;2026-03-03;PT. Makmur Utama;KR;KRPUS;IDTPP;39269099;Barang dari Plastik Lainnya;30.197,59;3.432,55;150,99;33.781,13;5%;Rp 27.362.715;Kuning
688933-211341-20260526;2026-05-26;PT. Cahaya Abadi;CN;CNCGO;IDTPP;94036090;Furnitur Kayu Lainnya;5.561,15;249,62;27,81;5.838,58;5%;Rp 4.729.250;Hijau
434617-353480-20260121;2026-01-21;PT. Karya Logistik;CN;CNCGO;IDTPP;61091010;Pakaian / T-shirt Katun;17.322,31;1.076,59;86,61;18.485,51;15%;Rp 44.919.789;Hijau
589131-228473-20260122;2026-01-22;PT. Jaya Utama;CN;CNCGO;IDTPP;61091010;Pakaian / T-shirt Katun;14.110,67;1.474,51;70,55;15.655,73;15%;Rp 38.043.424;Hijau
380464-571435-20260707;2026-07-07;PT. Maju Logistik;JP;JPTYO;IDTPP;84713020;Laptop / Portable ADP;6.112,43;610,39;30,56;6.753,38;0%;Rp 0;Hijau
359961-247720-20260505;2026-05-05;PT. Global Abadi;SG;SGSIN;IDTPP;84713020;Laptop / Portable ADP;175.033,54;9.585,13;875,17;185.493,84;0%;Rp 0;Hijau
201514-153063-20260728;2026-07-28;PT. Nusantara Gemilang;CN;CNCGO;IDTPP;84145949;Kipas Angin Industri;28.586,87;1.622,25;142,93;30.352,05;5%;Rp 24.585.160;Hijau
404309-502810-20260118;2026-01-18;PT. Sentosa Sejahtera;CN;CNCGO;IDTPP;39269099;Barang dari Plastik Lainnya;1.175,95;81,89;5,88;1.263,72;5%;Rp 1.023.613;Hijau
745270-538446-20260714;2026-07-14;PT. Bina Gemilang;JP;JPTYO;IDTPP;90189090;Alat Medis / Instrumen Kedokteran;16.709,71;1.316,09;83,55;18.109,35;0%;Rp 0;Hijau
360330-267457-20260517;2026-05-17;PT. Karya Mandiri;JP;JPTYO;IDTPP;90189090;Alat Medis / Instrumen Kedokteran;6.038,17;540,18;30,19;6.608,54;0%;Rp 0;Hijau
952993-443341-20260716;2026-07-16;PT. Nusantara Utama;KR;KRPUS;IDTPP;90189090;Alat Medis / Instrumen Kedokteran;37.157,47;2.582,93;185,79;39.926,19;0%;Rp 0;Merah
705748-856157-20260202;2026-02-02;PT. Sukses Gemilang;SG;SGSIN;IDTPP;85171200;Smartphone / Telepon Seluler;5.161,46;397,45;25,81;5.584,72;0%;Rp 0;Hijau
427905-299055-20260202;2026-02-02;PT. Jaya Logistik;SG;SGSIN;IDTPP;84145949;Kipas Angin Industri;11.641,32;1.161,78;58,21;12.861,31;5%;Rp 10.417.661;Hijau
900190-267082-20260618;2026-06-18;PT. Maju Gemilang;CN;CNCGO;IDTPP;87089990;Suku Cadang Kendaraan Bermotor;24.489,13;1.051,43;122,45;25.663,01;10%;Rp 41.574.076;Hijau
622469-639728-20260502;2026-05-02;PT. Sukses Sejahtera;CN;CNCGO;IDTPP;84713020;Laptop / Portable ADP;37.756,25;2.272,74;188,78;40.217,77;0%;Rp 0;Hijau
589491-622987-20260521;2026-05-21;PT. Makmur Utama;SG;SGSIN;IDTPP;90189090;Alat Medis / Instrumen Kedokteran;3.164,16;307,14;15,82;3.487,12;0%;Rp 0;Kuning
423528-621530-20260212;2026-02-12;PT. Bina Sejahtera;CN;CNCGO;IDTPP;85171200;Smartphone / Telepon Seluler;8.942,75;998,16;44,71;9.985,62;0%;Rp 0;Hijau
124302-194423-20260309;2026-03-09;PT. Maju Utama;CN;CNCGO;IDTPP;85444290;Kabel Listrik dengan Konektor;7.555,76;611,52;37,78;8.205,06;5%;Rp 6.646.099;Kuning
512344-629996-20260516;2026-05-16;PT. Makmur Abadi;CN;CNCGO;IDTPP;84713020;Laptop / Portable ADP;6.099,76;503,65;30,50;6.633,91;0%;Rp 0;Kuning
579441-352422-20260605;2026-06-05;PT. Nusantara Gemilang;US;USLAX;IDTPP;84713020;Laptop / Portable ADP;111.139,90;5.398,48;555,70;117.094,08;0%;Rp 0;Kuning
325595-711680-20260419;2026-04-19;PT. Jaya Logistik;KR;KRPUS;IDTPP;84145949;Kipas Angin Industri;21.719,77;1.646,21;108,60;23.474,58;5%;Rp 19.014.410;Hijau
470037-151021-20260224;2026-02-24;PT. Nusantara Logistik;SG;SGSIN;IDTPP;87089990;Suku Cadang Kendaraan Bermotor;2.942,28;243,06;14,71;3.200,05;10%;Rp 5.184.081;Hijau
152995-395023-20260519;2026-05-19;PT. Makmur Logistik;US;USLAX;IDTPP;84713020;Laptop / Portable ADP;40.192,45;2.387,34;200,96;42.780,75;0%;Rp 0;Kuning
618934-726543-20260713;2026-07-13;PT. Sukses Sejahtera;US;USLAX;IDTPP;94036090;Furnitur Kayu Lainnya;170.516,52;10.493,49;852,58;181.862,59;5%;Rp 147.308.698;Hijau
983791-786041-20260706;2026-07-06;PT. Nusantara Mandiri;JP;JPTYO;IDTPP;85171200;Smartphone / Telepon Seluler;46.117,99;3.236,69;230,59;49.585,27;0%;Rp 0;Hijau
805188-593446-20260626;2026-06-26;PT. Maju Abadi;CN;CNCGO;IDTPP;84145949;Kipas Angin Industri;2.157,61;89,77;10,79;2.258,17;5%;Rp 1.829.118;Hijau
399628-662761-20260221;2026-02-21;PT. Karya Mandiri;CN;CNCGO;IDTPP;84713020;Laptop / Portable ADP;7.472,01;491,41;37,36;8.000,78;0%;Rp 0;Kuning
108574-988324-20260702;2026-07-02;PT. Karya Utama;JP;JPTYO;IDTPP;84713020;Laptop / Portable ADP;61.101,60;3.477,65;305,51;64.884,76;0%;Rp 0;Kuning
212718-551860-20260321;2026-03-21;PT. Jaya Abadi;SG;SGSIN;IDTPP;87089990;Suku Cadang Kendaraan Bermotor;5.714,70;378,31;28,57;6.121,58;10%;Rp 9.916.960;Kuning
240440-377319-20260413;2026-04-13;PT. Makmur Gemilang;JP;JPTYO;IDTPP;84713020;Laptop / Portable ADP;22.755,98;1.128,26;113,78;23.998,02;0%;Rp 0;Hijau
862847-483545-20260621;2026-06-21;PT. Jaya Utama;KR;KRPUS;IDTPP;90189090;Alat Medis / Instrumen Kedokteran;33.845,48;3.765,05;169,23;37.779,76;0%;Rp 0;Hijau
900961-522842-20260616;2026-06-16;PT. Cahaya Mandiri;CN;CNCGO;IDTPP;85171200;Smartphone / Telepon Seluler;4.392,63;384,30;21,96;4.798,89;0%;Rp 0;Hijau
483713-147440-20260406;2026-04-06;PT. Global Gemilang;SG;SGSIN;IDTPP;85171200;Smartphone / Telepon Seluler;12.438,72;1.173,32;62,19;13.674,23;0%;Rp 0;Hijau
520040-153642-20260423;2026-04-23;PT. Maju Mandiri;SG;SGSIN;IDTPP;84145949;Kipas Angin Industri;273,28;28,18;1,37;302,83;5%;Rp 245.292;Hijau
697983-689107-20260513;2026-05-13;PT. Sukses Sejahtera;SG;SGSIN;IDTPP;87089990;Suku Cadang Kendaraan Bermotor;3.907,82;312,14;19,54;4.239,50;10%;Rp 6.867.990;Hijau
304110-480133-20260426;2026-04-26;PT. Bina Sejahtera;CN;CNCGO;IDTPP;87089990;Suku Cadang Kendaraan Bermotor;9.866,68;463,28;49,33;10.379,29;10%;Rp 16.814.450;Hijau
680096-402620-20260131;2026-01-31;PT. Makmur Mandiri;CN;CNCGO;IDTPP;84713020;Laptop / Portable ADP;2.988,90;247,98;14,94;3.251,82;0%;Rp 0;Hijau
177103-505116-20260305;2026-03-05;PT. Bina Abadi;CN;CNCGO;IDTPP;85171200;Smartphone / Telepon Seluler;94.740,19;8.237,40;473,70;103.451,29;0%;Rp 0;Hijau
628750-572230-20260227;2026-02-27;PT. Nusantara Utama;JP;JPTYO;IDTPP;85444290;Kabel Listrik dengan Konektor;2.401,46;239,27;12,01;2.652,74;5%;Rp 2.148.719;Hijau
901535-676566-20260117;2026-01-17;PT. Cahaya Logistik;KR;KRPUS;IDTPP;39269099;Barang dari Plastik Lainnya;7.878,92;587,24;39,39;8.505,55;5%;Rp 6.889.496;Hijau
393308-965401-20260328;2026-03-28;PT. Global Logistik;CN;CNCGO;IDTPP;85444290;Kabel Listrik dengan Konektor;15.629,08;784,68;78,15;16.491,91;5%;Rp 13.358.447;Kuning
753516-813449-20260106;2026-01-06;PT. Cahaya Mandiri;JP;JPTYO;IDTPP;39269099;Barang dari Plastik Lainnya;75.322,03;4.722,85;376,61;80.421,49;5%;Rp 65.141.407;Hijau
740725-224582-20260531;2026-05-31;PT. Bina Logistik;CN;CNCGO;IDTPP;84145949;Kipas Angin Industri;2.385,03;164,68;11,93;2.561,64;5%;Rp 2.074.928;Kuning
234913-201377-20260522;2026-05-22;PT. Nusantara Abadi;KR;KRPUS;IDTPP;39269099;Barang dari Plastik Lainnya;53.949,11;4.945,70;269,75;59.164,56;5%;Rp 47.923.294;Hijau
513037-491326-20260228;2026-02-28;PT. Karya Gemilang;KR;KRPUS;IDTPP;85171200;Smartphone / Telepon Seluler;13.524,79;1.158,56;67,62;14.750,97;0%;Rp 0;Merah
933510-455556-20260531;2026-05-31;PT. Global Abadi;SG;SGSIN;IDTPP;39269099;Barang dari Plastik Lainnya;4.114,16;281,77;20,57;4.416,50;5%;Rp 3.577.365;Merah
684929-483366-20260226;2026-02-26;PT. Bina Gemilang;SG;SGSIN;IDTPP;94036090;Furnitur Kayu Lainnya;23.260,78;2.766,20;116,30;26.143,28;5%;Rp 21.176.057;Hijau
891638-251275-20260102;2026-01-02;PT. Global Sejahtera;CN;CNCGO;IDTPP;85171200;Smartphone / Telepon Seluler;16.964,39;1.500,70;84,82;18.549,91;0%;Rp 0;Hijau
308727-731728-20260119;2026-01-19;PT. Bina Logistik;CN;CNCGO;IDTPP;84145949;Kipas Angin Industri;6.501,19;383,43;32,51;6.917,13;5%;Rp 5.602.875;Hijau
633853-520884-20260701;2026-07-01;PT. Karya Sejahtera;US;USLAX;IDTPP;84145949;Kipas Angin Industri;14.526,97;699,37;72,63;15.298,97;5%;Rp 12.392.166;Hijau
624369-142210-20260611;2026-06-11;PT. Makmur Utama;SG;SGSIN;IDTPP;39269099;Barang dari Plastik Lainnya;8.413,76;439,44;42,07;8.895,27;5%;Rp 7.205.169;Merah
147504-140804-20260116;2026-01-16;PT. Sukses Mandiri;SG;SGSIN;IDTPP;39269099;Barang dari Plastik Lainnya;15.309,38;913,61;76,55;16.299,54;5%;Rp 13.202.627;Kuning
243693-848255-20260228;2026-02-28;PT. Sukses Sejahtera;US;USLAX;IDTPP;94036090;Furnitur Kayu Lainnya;29.571,22;1.562,97;147,86;31.282,05;5%;Rp 25.338.461;Kuning
449218-943019-20260118;2026-01-18;PT. Nusantara Sejahtera;JP;JPTYO;IDTPP;85171200;Smartphone / Telepon Seluler;89.609,82;4.921,85;448,05;94.979,72;0%;Rp 0;Hijau
596756-644559-20260109;2026-01-09;PT. Karya Mandiri;SG;SGSIN;IDTPP;39269099;Barang dari Plastik Lainnya;3.024,86;189,98;15,12;3.229,96;5%;Rp 2.616.268;Hijau
579187-256175-20260809;2026-08-09;PT. Global Gemilang;SG;SGSIN;IDTPP;61091010;Pakaian / T-shirt Katun;172.756,79;9.306,39;863,78;182.926,96;15%;Rp 444.512.513;Hijau
735710-640546-20260326;2026-03-26;PT. Nusantara Gemilang;CN;CNCGO;IDTPP;85444290;Kabel Listrik dengan Konektor;1.283,69;143,44;6,42;1.433,55;5%;Rp 1.161.176;Kuning
246570-443897-20260119;2026-01-19;PT. Sukses Utama;CN;CNCGO;IDTPP;39269099;Barang dari Plastik Lainnya;11.135,10;516,88;55,68;11.707,66;5%;Rp 9.483.205;Hijau
742848-434002-20260512;2026-05-12;PT. Maju Utama;JP;JPTYO;IDTPP;94036090;Furnitur Kayu Lainnya;27.064,57;2.218,24;135,32;29.418,13;5%;Rp 23.828.685;Hijau
270395-512042-20260302;2026-03-02;PT. Sukses Logistik;SG;SGSIN;IDTPP;85171200;Smartphone / Telepon Seluler;18.717,05;1.363,20;93,59;20.173,84;0%;Rp 0;Kuning
746447-875232-20260313;2026-03-13;PT. Sukses Utama;JP;JPTYO;IDTPP;85171200;Smartphone / Telepon Seluler;6.328,13;750,45;31,64;7.110,22;0%;Rp 0;Kuning
983532-413769-20260621;2026-06-21;PT. Sentosa Gemilang;CN;CNCGO;IDTPP;90189090;Alat Medis / Instrumen Kedokteran;10.407,20;509,57;52,04;10.968,81;0%;Rp 0;Hijau
722565-452713-20260505;2026-05-05;PT. Global Sejahtera;SG;SGSIN;IDTPP;85171200;Smartphone / Telepon Seluler;7.393,81;531,09;36,97;7.961,87;0%;Rp 0;Kuning
631958-968524-20260224;2026-02-24;PT. Jaya Sejahtera;KR;KRPUS;IDTPP;87089990;Suku Cadang Kendaraan Bermotor;6.586,40;774,28;32,93;7.393,61;10%;Rp 11.977.648;Hijau
634473-658198-20260519;2026-05-19;PT. Sukses Gemilang;SG;SGSIN;IDTPP;90189090;Alat Medis / Instrumen Kedokteran;37.031,44;4.045,34;185,16;41.261,94;0%;Rp 0;Merah
613641-843167-20260203;2026-02-03;PT. Nusantara Logistik;JP;JPTYO;IDTPP;39269099;Barang dari Plastik Lainnya;20.504,89;2.160,51;102,52;22.767,92;5%;Rp 18.442.015;Hijau
690268-414353-20260705;2026-07-05;PT. Karya Abadi;CN;CNCGO;IDTPP;87089990;Suku Cadang Kendaraan Bermotor;5.816,82;352,69;29,08;6.198,59;10%;Rp 10.041.716;Hijau
597960-955374-20260527;2026-05-27;PT. Maju Mandiri;US;USLAX;IDTPP;94036090;Furnitur Kayu Lainnya;39.321,23;2.110,41;196,61;41.628,25;5%;Rp 33.718.882;Merah
117445-486251-20260528;2026-05-28;PT. Makmur Abadi;SG;SGSIN;IDTPP;39269099;Barang dari Plastik Lainnya;19.317,36;1.806,01;96,59;21.219,96;5%;Rp 17.188.168;Hijau
447329-806537-20260502;2026-05-02;PT. Global Sejahtera;CN;CNCGO;IDTPP;39269099;Barang dari Plastik Lainnya;35.434,26;4.051,91;177,17;39.663,34;5%;Rp 32.127.305;Hijau
214928-536774-20260304;2026-03-04;PT. Makmur Abadi;CN;CNCGO;IDTPP;90189090;Alat Medis / Instrumen Kedokteran;28.440,08;2.404,35;142,20;30.986,63;0%;Rp 0;Hijau
